[
  {
    "id": "e41dbfdf-6b50-4746-9ae7-85eff70b589f",
    "data": [
      {
        "text": "Mi fa ",
        "userDefined": false
      },
      {
        "text": "un",
        "alias": "number",
        "meta": "@sys.number",
        "userDefined": false
      },
      {
        "text": " ",
        "userDefined": false
      },
      {
        "text": "caffe",
        "alias": "any",
        "meta": "@sys.any",
        "userDefined": false
      },
      {
        "text": " per favore?",
        "userDefined": false
      }
    ],
    "isTemplate": false,
    "count": 1,
    "updated": 0
  },
  {
    "id": "072c602e-5328-4050-b411-922a7319901c",
    "data": [
      {
        "text": "Potrei avere ",
        "userDefined": false
      },
      {
        "text": "un",
        "alias": "number",
        "meta": "@sys.number",
        "userDefined": false
      },
      {
        "text": " ",
        "userDefined": false
      },
      {
        "text": "caffe",
        "alias": "any",
        "meta": "@sys.any",
        "userDefined": false
      },
      {
        "text": "?",
        "userDefined": false
      }
    ],
    "isTemplate": false,
    "count": 0,
    "updated": 0
  },
  {
    "id": "690d62ea-a48f-449c-bf0e-da07512f4f68",
    "data": [
      {
        "text": "Vorrei ",
        "userDefined": false
      },
      {
        "text": "due",
        "alias": "number",
        "meta": "@sys.number",
        "userDefined": true
      },
      {
        "text": " ",
        "userDefined": false
      },
      {
        "text": "cappuccini",
        "alias": "any",
        "meta": "@sys.any",
        "userDefined": true
      },
      {
        "text": " per favore",
        "userDefined": false
      }
    ],
    "isTemplate": false,
    "count": 0,
    "updated": 0
  }
]